,Subject_ID,L_eccentricity_real_benson,R_eccentricity_real_benson,L_polarangle_real_benson,R_polarangle_real_benson,L_eccentricity_real_simulated,R_eccentricity_real_simulated,L_polarangle_real_simulated,R_polarangle_real_simulated
0,CC00056XX07,375.39029980178395,614.7564468279325,6663.2244796828545,4675.78639890461,650.297014370664,1020.9032405294386,7428.64271555996,7069.688726608854
1,CC00057XX08,324.2983490566038,395.99091037204056,5324.028301886792,5286.2863585118375,429.79123673349056,766.9236894024802,4536.412146226415,7989.055242390079
2,CC00060XX03,749.5934025203854,636.6671110414053,6224.455151964418,5368.885821831869,1047.9015937731654,915.7725062735258,10447.916975537435,8214.6373902133
3,CC00065XX08,422.7178153887983,437.4134036144578,5495.740076128331,4375.258749282846,1223.7082653616096,1180.2961847389558,10923.219140837411,9083.858290304073
4,CC00066XX09,642.3642017495899,322.6189136426275,4886.324767632586,5686.682590721176,783.803376161837,558.8376205787781,6747.3646801530895,8493.773082223242
5,CC00067XX10,676.8053232998885,306.3890285865537,6311.82497212932,6332.694547379566,783.9739409141583,785.1263896241397,8664.549052396878,6761.419798835363
6,CC00068XX11,580.4790490970655,677.9909021014864,4837.656884875846,5780.848795489493,895.7490124153499,958.7292414146591,8379.480812641084,7542.201947719119
7,CC00069XX12,696.204666344294,421.5514908743633,4822.412959381045,5143.372665534805,968.8808027079303,700.1993314940577,8336.359767891683,8620.889643463497
8,CC00071XX06,571.3489139693356,285.22605140186914,5098.672345258376,3583.1544652128764,873.0584894946053,938.1979491173416,8266.174900624645,8229.73727933541
9,CC00072XX07,371.55020299812617,347.36849547511315,5777.57401623985,5521.846719457014,937.8892879450343,552.6181419683257,7651.897564022486,10261.940045248868
10,CC00073XX08,578.5775481019241,288.7589064819396,3119.288871554862,4929.593765462642,788.2236089443578,917.1399678377041,10350.179927197089,9718.094012864918
11,CC00074XX09,557.3811920625724,516.4461334120425,5786.267091541135,5216.804604486422,934.497392815759,643.6090613931523,9397.092699884126,7985.863046044864
12,CC00075XX10,831.1127155172413,545.0735867446393,6125.271264367816,3943.6625243664716,864.9967672413793,539.2710160818714,6462.905747126437,6103.5165692007795
13,CC00078XX13,555.697390053432,530.7487051792829,3860.4422523633375,3364.0306772908366,1289.3697081792027,679.3140438247012,8058.445540484998,7782.916334661355
14,CC00079XX14,311.0394810267857,332.1764018691589,3879.9595025510203,4040.675096206707,984.9027423469388,1053.3286146234195,10330.170918367347,7610.133589884552
15,CC00080XX07,950.6075102880659,334.8172821466525,6049.691358024691,5316.496280552604,1596.8274176954733,802.6630579171094,7826.907407407408,8807.411795961743
16,CC00082XX09,363.8123620309051,436.7595996732026,4169.885761589404,5619.5424836601305,882.5830573951434,583.8382352941177,7726.1600441501105,9249.87037037037
17,CC00083XX10,726.2086916461916,565.7010328709289,4979.756142506142,6647.78287092883,901.5356265356265,512.0812726176116,9359.904791154791,7573.489746682751
18,CC00084XX11,526.7184287812041,675.7028010586679,5023.094468918258,5024.838112042346,478.8542278511992,917.755734450816,7321.12187958884,7789.785619761799
19,CC00085XX12,386.92071960297767,374.74696038251363,4725.871960297767,3810.910655737705,675.6381513647642,695.6743169398907,8447.088833746899,8287.40655737705
20,CC00086XX13,401.68250134192164,297.8690685413005,5243.3268921095005,4492.630052724077,881.604938271605,936.8500659050967,8847.7128287708,8370.311072056238
21,CC00088XX15,718.4877878033603,428.04084014002336,5397.35843186061,5241.46674445741,985.3658991910391,1028.4207263710618,7483.576851275669,5787.589848308051
22,CC00089XX16,807.0753488372093,348.95198639157155,6190.932093023256,5823.762071992976,883.2244186046512,599.8415825285338,7637.993023255814,6503.090430201932
23,CC00091XX10,326.64113924050633,360.0671949920085,5535.685063291139,4546.543420351625,445.43193037974686,370.3655767181673,9012.356455696203,6174.313798614811
24,CC00094AN13,507.7952863577864,485.4702304737516,5375.382239382239,5046.8146606914215,499.59797297297297,1207.5993918053778,6575.2277992278,5084.045134443022
25,CC00094BN13,556.6478622327791,498.9316012002182,5838.327790973872,4779.786688488816,717.750445368171,738.3255591925805,7322.506532066508,7165.177304964539
26,CC00095XX14,511.549406152648,535.9817904817179,5809.431464174455,5243.672083575159,928.9341900311526,832.5677597214161,7279.934579439252,8132.357515960534
27,CC00096XX15,207.40741619228336,419.8947273166023,3917.236875395319,4666.7480694980695,1327.8823529411766,635.9508325289576,8229.400379506642,8807.285714285714
28,CC00097XX16,1361.8860955927994,421.6760848831664,4714.536623215394,7086.4692417739625,1480.3682495344506,716.4096328087744,6056.51148355059,10926.989985693848
29,CC00099AN18,495.87467893835617,512.7317012032086,5737.638698630137,5902.381016042781,818.3054901541096,442.74523729946526,8235.86301369863,6986.300802139038
30,CC00099BN18,515.6997759158223,466.3005409060176,6130.976227591582,5027.6179851250845,838.498051441933,753.1273664638269,7354.112236944661,7236.306964164976
31,CC00100XX01,506.3042355371901,380.5651429422275,8080.665289256199,5305.400238237045,940.6723484848485,602.8727293031567,8260.09779614325,8417.98094103633
32,CC00101XX02,472.56361275964395,516.7454954954954,4968.182492581603,3629.5912162162163,580.9259272997033,844.7989864864865,7209.920474777448,6220.652027027027
33,CC00102XX03,424.234631147541,323.8302659254808,5510.539890710383,3929.0967548076924,701.5335382513662,261.6251878004808,8540.054644808743,8129.3870192307695
34,CC00104XX05,373.20558136614767,480.7287368179734,5049.872425916625,6180.706098120128,825.6031516825716,1153.8854883081156,7791.15017579106,10135.25263640532
35,CC00105XX06,441.4794378698225,519.9633959044369,5511.072781065089,5157.98361774744,522.2937869822485,823.6775597269625,9221.761538461538,7280.128327645051
36,CC00106XX07,612.8127711496746,430.3796405421332,5549.953362255966,4888.539186800235,792.2011252711496,862.2612698880378,7424.181670281996,8731.94991160872
37,CC00107XX08,393.1357071713147,368.6746860584316,4670.811420982735,5174.757560225526,675.6001826029217,787.662737057919,6170.742363877822,8725.111225012814
38,CC00108XX09,716.7171579851173,820.3827790973871,6204.9284487693185,5183.086460807601,777.1601316542644,869.099406175772,7933.677160847166,7312.595724465558
39,CC00109XX10,290.6972741433022,484.9300373134328,3747.143925233645,3749.0746268656717,922.7245327102804,593.8805546132971,6090.588161993769,7722.185210312076
40,CC00110XX03,565.5093832309043,691.1680785521756,5090.368744512731,5292.49364651521,1065.5280948200175,985.2747400847131,8249.1202809482,8616.295725837505
41,CC00111XX04,372.29067919075146,309.3872635135135,6699.452023121387,4712.48,1015.0806358381503,1097.8414864864865,7766.060115606936,8283.50162162162
42,CC00113XX06,492.9725553505535,286.1464876033058,4552.8148831488315,3830.1176308539943,490.7595710332103,538.2660123966942,8473.29520295203,9018.472727272727
43,CC00114XX07,431.0690112289457,341.96856388738496,3871.593262632564,3288.8567948023824,758.2939800374298,534.7022874932322,6755.278228321897,8219.614510016243
44,CC00117XX10,233.99302546045504,301.86747189507497,3692.882719393283,4470.188436830835,744.9723049837487,614.2843950749465,9205.42795232936,6844.645074946467
45,CC00118XX11,689.9535822401615,359.82226858877084,6541.294651866801,5031.5204855842185,1161.8087790111,685.2338138593828,8814.618567103935,9345.952453211938
46,CC00119XX12,258.73395037416304,510.29267578125,5502.357621110674,4980.09453125,570.5423395037417,329.2111328125,7242.259157148484,9545.81015625
47,CC00120XX05,405.4310231457128,443.02606768231766,3900.8521830615464,3857.214285714286,1140.4020252498685,794.0539460539461,7459.445554971068,6903.6998001998
48,CC00122XX07,513.5906754294638,587.5454770143351,4282.737896928683,5234.595650024716,506.84155387818845,728.2259021255561,6706.925559604373,6993.489866534849
49,CC00126XX11,600.3424222797928,490.7558018172888,6428.045077720208,5081.90373280943,1305.8582901554405,611.8369351669941,7549.345077720207,8582.098231827113
50,CC00127XX12,328.9430256869773,215.04566326530613,4982.135304659499,5205.917346938775,638.8536439665472,578.1793367346938,8391.228195937874,9053.365306122449
51,CC00131XX08,612.2499265138154,523.6535608308606,3973.402704291593,5746.7542037586545,896.4594356261023,775.7331231454006,6052.747795414462,6170.370919881306
52,CC00138XX15,425.3791023166023,303.7823216261062,3748.4945302445303,4633.911780973452,890.5719916344916,518.8971238938053,11000.175032175031,8399.738938053097
53,CC00139XX16,385.8219381313131,414.0043923455685,8908.118181818181,6263.296329453894,893.9613636363637,522.6903536257834,9356.111111111111,7451.5765443151295
54,CC00143AN12,443.7612012987013,626.5601979742173,4806.1733766233765,3596.5377532228363,886.2933441558441,861.866175567833,7276.449350649351,7643.209330877839
55,CC00145XX14,315.17055358295676,388.7646252962085,4675.33440929632,4899.536433649289,934.1412201420271,685.7585900473933,7585.403486120077,7742.957345971564
56,CC00150AN02,577.3169786096257,478.59856476938177,5710.3422459893045,4423.8233562316,824.0201871657754,850.5345927379784,7427.929411764706,8838.446516192345
57,CC00150BN02,612.0349453178401,656.5036507009346,5463.684210526316,6651.8586448598135,832.7627306903622,1057.817245911215,8345.68899521531,8479.978387850468
58,CC00153XX05,656.5750247402276,511.0830148112757,5248.754576942108,6716.669851887244,760.7363928748144,640.0478380315337,9032.728352300841,7273.06784519828
59,CC00155XX07,615.0397953382603,594.8184025903939,4712.758385446276,6271.035078251484,980.5068220579875,1171.8113869400972,10602.649232518477,7353.662169454938
60,CC00156XX08,244.73048387096773,391.5178151918559,5433.412473118279,4899.635865309318,1001.0718279569893,571.4935395458104,6685.024086021505,8189.839467501958
61,CC00157XX09,364.3846683854907,267.7042284866469,4593.76280227596,5423.958456973293,1022.6712304409673,801.6208456973294,7015.158605974396,7132.353709198813
62,CC00158XX10,630.5769487453283,575.5636612672702,5624.307528029899,5306.591233920914,719.8491057127603,877.0649118627919,7766.227976508276,7446.165316817533
63,CC00159XX11,364.5531828414207,270.1336745689655,3924.3386693346674,4809.328448275862,999.5549024512256,428.3028556034483,6150.346173086543,8711.574137931035
64,CC00160XX04,403.79075330549756,535.9872596153846,5663.64509394572,6626.738461538462,463.62073764787755,681.7208791208791,7176.146137787056,8039.568131868132
65,CC00162XX06,425.1540497617787,644.6659451659451,6416.155637903653,6561.308321308321,368.95182636315513,984.2770562770563,7918.856537850715,7676.291967291967
66,CC00163XX07,339.4352018574678,400.34354485776805,7030.749052312358,4604.934354485777,589.5290940106141,885.9394602479941,9658.0,8967.477753464624
67,CC00164XX08,492.6495585762332,301.28110745058285,5873.882847533632,4472.293968575773,1197.42600896861,927.3577040040548,8450.247197309416,6099.011657374556
68,CC00165XX09,921.4476375176305,460.35041507024266,4944.290550070522,4491.94423158791,995.2063939821345,569.185717326522,6008.751292900799,7012.815666240954
69,CC00167XX11,524.046625626995,622.2890685892439,6096.097583219334,3907.835151987529,762.1061331509347,739.1554462197973,7180.22024623803,8245.513639906469
70,CC00168XX12,501.1210433152853,414.14595752608045,6094.2115785089545,8133.45827123696,778.5997501041232,370.8849198956781,7172.703040399833,9842.014903129657
71,CC00170XX06,476.1782536636427,372.77973460026215,5887.501744591766,5762.196592398427,691.4472260990929,882.0864187418086,6524.8401953942775,7352.958060288335
72,CC00171XX07,543.6053801059002,631.467936802974,5607.775340393344,4162.58302354399,784.5002836611195,787.350758983891,5216.023449319213,8619.136307311028
73,CC00172AN08,445.27781100478467,380.69927918424753,4840.6291866028705,4459.287271448664,814.8389154704944,837.9456751054852,10872.20255183413,8775.31153305204
74,CC00172BN08,527.3412972383721,444.9730544077135,6170.0625,5385.228650137741,601.1741460755813,829.9014290633609,6871.263808139535,8037.504820936639
75,CC00174XX10,286.15729327170004,398.28293445450623,3960.8882896764253,3524.125053902544,1215.8030303030303,604.1096916774471,7915.838726245506,7974.3639499784385
76,CC00176XX12,360.15119975389666,365.5147280092593,4582.714109926169,4439.361574074074,370.9533685397867,936.2907407407407,6593.267432321575,6349.335185185185
77,CC00178XX14,709.988810741688,409.2137037037037,5234.124680306905,4993.928888888889,922.8505434782609,799.2591666666667,6633.464194373401,5505.525925925926
78,CC00179XX15,536.1912456445993,604.4227964489537,5379.101393728223,3430.403931515536,479.8837979094077,911.8079422954978,9175.425783972125,7067.256816740647
79,CC00180XX08,187.10582484960668,539.760102739726,4887.226284127719,4969.254337899543,736.1100185099491,1072.150799086758,6370.326700601573,7882.343378995433
80,CC00181XX09,685.0794398238747,604.7059317963497,5407.764187866927,5725.491834774256,714.3723091976517,595.6415706051873,7270.611056751468,7618.21469740634
81,CC00182XX10,536.7705987717502,454.65961134453784,5208.438075742068,6782.947899159664,559.3080220061413,416.4515756302521,6842.572159672467,8487.204201680672
82,CC00183XX11,508.1159078663793,352.06526898734177,4501.080549568966,4193.176241480039,794.4568965517242,688.7812804284323,5968.234913793103,6716.130477117819
83,CC00184XX12,449.1926109813084,568.1241710875331,5516.887850467289,5134.307360742706,552.6998831775701,551.8316478779841,8057.749532710281,7979.66976127321
84,CC00185XX13,486.8694209039548,368.2096604938272,3534.302824858757,4895.448888888889,944.4546610169491,598.0411111111111,8135.932203389831,7470.103209876544
85,CC00187XX15,558.2614044943821,464.16917148362234,6594.705168539326,4888.663583815029,711.8988764044943,694.381936416185,8501.84988764045,7475.252408477842
86,CC00188XX16,332.3084415584416,382.3394455252918,4345.308847402597,4323.2287937743195,439.88737824675326,574.5672178988327,6049.23538961039,6258.474708171207
87,CC00189XX17,321.2958683473389,339.13854166666664,5301.905882352941,5353.594285714285,1322.0766106442577,730.4819047619047,6881.881792717087,9053.76761904762
88,CC00193XX13,396.2051139521957,370.025341191067,5849.391884380211,6205.036228287841,751.9742912729293,633.055459057072,7544.155642023346,6963.895781637717
89,CC00195XX15,268.8265684612124,334.37997762863534,6583.356506994489,4864.815212527964,511.2316129715981,734.4223713646533,8818.622297583723,6578.276510067114
90,CC00196XX16,701.3122033227849,644.550688976378,4924.584651898735,5932.011811023622,794.6268789556962,682.3676181102362,6181.012658227848,7773.420472440945
91,CC00198XX18,536.4077710176991,537.9086356253384,4708.382743362832,5052.001082837033,524.7612002212389,886.0412831618842,7175.620575221239,7671.107742284787
92,CC00200XX02,877.9400167785235,528.8257330378452,5429.126845637584,5099.09103307194,1144.6470637583893,929.3289294237982,6408.30067114094,7475.986362086601
93,CC00201XX03,331.2438316809374,463.97749691738596,5584.402884182064,6165.448417591451,565.2539432176657,807.3198212083847,6927.77647589004,7524.616522811344
94,CC00202XX04,762.8182920912178,522.0533415841584,4751.891314895682,5233.560891089109,975.6109898107715,655.9674504950495,7721.9786511402235,7547.514851485149
95,CC00203XX05,483.48617166212534,558.7769264448336,5379.889373297003,5463.901342673672,833.2681198910082,994.3471249270286,8059.406539509537,9956.903677758319
96,CC00204XX06,564.5908984375,540.8105105105105,5737.75125,4970.832432432432,824.773359375,970.6114114114114,7985.354375,5897.553753753754
97,CC00205XX07,515.8273245614035,405.4561965811966,4724.653333333334,3991.063247863248,571.1259210526316,407.3444088319088,8360.464561403509,7266.02792022792
98,CC00206XX08,507.28930205949655,435.5899807784719,5978.045766590389,5106.1811629024505,837.0787185354691,491.4711076405574,6725.60823798627,7091.683805862566
99,CC00207XX09,442.3363636363636,318.1323275862069,6301.093048128342,4420.462068965518,914.5905080213904,644.9045092838196,9495.564705882352,7455.002122015915
100,CC00209XX11,385.52426944031697,364.4941529326224,4858.11391778108,4427.091614154145,1023.078504210005,780.5948860882211,8326.34373452204,8777.81677169171
101,CC00217XX11,380.23777173913044,399.2517431725741,6315.748447204969,5153.161533991865,177.81205357142858,633.3932306798373,7095.813664596273,11183.818710052296
102,CC00221XX07,332.49411031042126,324.22350031407035,6983.423503325942,5381.691582914573,542.4407797487066,1296.4360081658292,6421.979305247598,7540.120603015075
103,CC00223XX09,929.7093131188119,317.24488146551727,5655.181930693069,4526.164331896552,1136.9953589108911,464.9735317887931,7314.29146039604,6656.302801724138
104,CC00232XX10,309.6154418011895,343.38757731958765,3359.607476635514,4917.410309278351,681.3395815632965,400.7405154639175,8250.147833474935,6468.60412371134
105,CC00233XX11,264.9987601442741,448.43404821186056,4630.958521190261,6587.559076505206,711.2967763751127,781.1519918515165,5473.564472497746,11079.262109551833
106,CC00236XX14,696.6914366251945,379.59556015276894,4399.122472783826,3087.4296626352643,830.2860614307932,1070.5697008274983,6608.49766718507,7668.4124761298535
107,CC00247XX17,492.17474489795916,316.1402737924438,5128.932330827068,6221.544715447155,988.4969119226638,525.8910210425634,6671.8920515574655,8385.469153515065
108,CC00251XX04,371.7501986228813,350.9841808559595,4859.176906779661,3893.5342843994476,700.6945180084746,551.2749654855039,8784.946504237289,8551.48458352508
109,CC00252XX05,436.9134036144578,417.9318604362915,6021.612226684516,3761.8824987605353,539.9633534136547,607.9391422905305,6832.303435966087,6309.703024293505
110,CC00254XX07,591.8712397086764,540.6396155899627,4807.438252058265,5185.16924719701,896.0889012032932,872.58902829685,7464.350854971501,7255.814201815269
111,CC00257XX10,426.4218851395198,621.119532803181,6397.492537313433,4480.607687210073,670.0704493835171,892.7079191517562,12611.919532770928,8704.271703114646
112,CC00258XX11,447.584022556391,240.35920301671422,5803.133333333333,6329.235629841011,1730.9906015037593,435.3127802690583,8572.706766917294,7610.245413779046
113,CC00260XX05,529.9842091295117,602.8605544422178,6292.739561217269,6065.3400133600535,710.5141542816702,392.938961255845,5713.843595187544,7468.7401469605875
114,CC00261XX06,512.9842463584547,577.5457110609481,4454.526599113363,5622.292325056434,601.126187460418,846.8714729119639,7724.84863837872,7027.629796839729
115,CC00265XX10,379.0115489130435,464.24921338672766,4930.305027173913,4772.1578947368425,1141.8136888586957,458.8085669336384,8389.864130434782,7963.230549199085
116,CC00267XX12,569.2460567823343,613.6063144329897,5523.327024185069,5720.1915807560135,994.074658254469,582.1329467353952,7029.137749737119,7884.4415807560135
117,CC00268XX13,446.24014741275573,474.9439733298809,5684.072202166065,3957.011910926981,1117.5130866425993,725.1962713619886,6341.952466907341,6375.24184360435
118,CC00269XX14,345.46328648788034,564.0250363724539,5368.477050025786,4001.465324927255,865.9128416709644,996.0858389912706,7398.239298607529,6800.996120271581
119,CC00272XX09,448.60512285581825,757.7220526068577,4713.794158553546,4615.938938468765,994.4280250347705,684.1983912635039,6924.945757997219,7212.512916862377
120,CC00275XX12,301.08687128177394,578.9005437245129,5840.165494862088,5055.066153149071,227.23287925905896,442.3644653375623,7868.988642509465,5701.337562301767
121,CC00286XX15,418.1062091503268,421.9130062537225,5969.393694732795,6150.885050625372,473.9418492887351,629.1767421083979,10310.159938485198,6778.419297200715
122,CC00289XX18,392.1124574829932,339.6091088328076,4013.7057823129253,4117.4965299684545,825.8683673469387,382.3537066246057,7267.684353741497,7897.022082018927
123,CC00298XX19,469.4760806536637,449.1310501776199,4664.119662625198,4233.2824156305505,814.1271085925144,968.5077708703375,7618.191354770691,7927.918294849023
124,CC00299XX20,683.5799022511849,1040.396654636313,4687.619964454976,4860.616879511383,796.3576718009479,1359.0038867295946,5529.845971563981,8533.621321488063
125,CC00300XX03,352.78144195331697,363.94755448884274,5231.487714987715,4940.68085106383,461.5246851965602,957.2409833938765,8847.448402948403,10053.368967306695
126,CC00302XX05,465.63292824074074,426.7351150202977,4345.5782407407405,4975.9043752819125,565.2535879629629,890.5200721695985,7208.610185185185,6039.40550293189
127,CC00304XX07,481.6202948557089,362.1576503119682,6228.6116687578415,4621.260635280772,919.3213613550815,583.1323028927964,9148.998745294855,8944.351673284174
128,CC00306XX09,437.1099420849421,577.7833754918494,4930.901158301158,5688.347386172007,770.2293436293436,748.0352726250703,5496.454826254826,7173.2613827993255
129,CC00307XX10,796.7814009661836,510.0420229522952,4737.342028985508,5676.972097209721,784.1160628019323,890.3901890189019,5490.765217391305,8179.572457245725
130,CC00308XX11,432.5291079436259,466.93443548387097,4572.729980781551,4379.986451612903,978.3408071748879,750.269435483871,9456.93401665599,7890.410322580645
131,CC00313XX08,340.3043706293706,876.9493325242719,5191.040559440559,5232.589805825242,398.1284965034965,995.1234071601941,8202.341258741259,7743.8179611650485
132,CC00314XX09,420.7915445486518,266.00267447784006,4040.7910316529897,3466.15792154865,909.3621776084408,420.9160723382578,7471.416178194608,8360.104941416199
133,CC00316XX11,363.4334415584416,505.2513141932875,4771.914994096812,5899.430651031136,587.8546831955923,1042.1797412050141,6826.771349862259,9894.170642943793
134,CC00319XX14,451.6974984558369,566.754634605051,4981.840333539221,5870.4228909188605,529.4841723285979,1189.7923159591617,8459.384805435455,8434.963997850618
135,CC00320XX07,520.2332991156032,415.6872448979592,5448.106759317751,4333.504664723032,764.0408243840809,772.4542274052478,9190.199620972837,6595.036734693877
136,CC00328XX15,516.5890582655827,493.6260853293413,6122.5918699187,5085.338922155689,878.1628726287263,680.6181137724551,8344.00108401084,5931.5898203592815
137,CC00330XX09,812.911695631752,556.2023962344887,7624.425551902302,5051.913136499786,936.1066228276186,1090.1700898587933,9361.04462188821,7846.830979888747
138,CC00332XX11,377.1327174929841,258.48242606086586,4286.080449017773,4264.8392627518215,482.91256431244153,699.3186883840549,7258.662768942937,7347.585083583369
139,CC00334XX13,404.60863653413355,518.2873779113448,4414.016879219805,5667.354244928625,424.731948612153,1079.7861570247933,5719.1927981995495,6479.181818181818
140,CC00335XX14,434.6743833202819,521.9658980188373,5558.982380579483,6050.313738226697,488.65681284259983,442.9066661253654,7278.797180892718,7300.485222474829
141,CC00336XX15,444.05028103616814,569.8806413301663,5116.828934506354,3998.9043094672547,488.07850684261973,651.583729216152,8276.25513196481,6339.824906684764
142,CC00337XX16,428.5597601856627,245.03666387959865,4888.090252707581,5679.367224080268,473.1462738525013,628.6684364548495,6634.537390407427,7687.510367892976
143,CC00338AN17,470.5135763209393,499.7860728628801,5652.1539465101105,5110.760757314974,578.0184279191128,585.9690189328744,7944.480104370516,5998.446356855995
144,CC00338BN17,366.156660692951,423.5260204081633,5380.5442054958185,4204.871137026239,578.472072879331,810.3368804664723,7906.305256869773,7593.111370262391
145,CC00339XX18,346.4612907842015,586.7247763419483,4284.28563251288,4578.5164015904575,1040.5782770463652,745.6714090457257,5857.809959931311,8569.266401590457
146,CC00340XX11,594.6776898734178,454.8896683673469,5860.994936708861,3224.302982731554,796.3160864978903,405.1665276687598,6751.418987341772,6878.318681318681
147,CC00341XX12,400.59791666666666,428.4876322168356,4179.298666666667,3884.0458351696784,729.3438333333334,839.2178272366681,6920.244,4647.144997796386
148,CC00343XX14,381.18929365400163,467.91867954911436,4366.845594179466,6814.661835748792,652.4406325788198,419.27586553945247,7384.1253031527895,8134.283413848631
149,CC00344XX15,343.3194682675815,328.38651402858653,4246.232704402516,5481.843832715723,872.0447398513436,666.1934886183166,8197.28530588908,8276.624669137109
150,CC00345XX16,275.6985830527497,391.32842298288506,4600.659652076319,3947.1281173594134,703.0081369248036,684.5531784841075,8130.706509539843,6710.601466992665
151,CC00347XX18,589.6365959119497,571.4287733182589,5157.896226415094,5268.820802713398,881.5973532494759,941.3677925381571,9304.013626834381,9631.427925381571
152,CC00348XX19,416.09225874867445,436.7132075471698,6040.162248144221,5885.194070080863,917.6682131495228,808.1548517520216,8514.152173913044,8367.5897574124
153,CC00349XX20,383.4417584129622,617.5863575268817,6102.309929372663,6306.198028673835,540.9244910677191,798.8059475806451,9459.17324470295,8883.385304659498
154,CC00352XX06,245.51187120555073,441.9378240925409,4544.520381613183,4592.690466693259,671.7043581960104,467.4403171120862,7282.42671292281,6970.686078978859
155,CC00354XX08,338.13043773790105,539.1148113646949,6930.593257205002,4358.483931066605,331.7098966829799,788.69713553796,7952.045676998368,6888.934326967862
156,CC00355XX09,466.9563219967087,523.5968550592526,5196.267142073505,4337.429808568824,657.1272627537027,842.14169325433,8551.964344487109,6714.961713764813
157,CC00356XX10,413.2985027679919,336.306144593254,5180.577755410166,4929.265873015873,754.77937845999,340.5766989087302,6017.242073477604,6508.074404761905
158,CC00357XX11,535.9983908045976,388.5787763001191,4305.867586206897,4390.838427947599,968.6405747126437,467.9493846764589,6710.699770114942,6648.7534736006355
159,CC00362XX08,387.7873967717718,460.90098225602026,5496.922672672673,5270.658111533587,900.4061561561562,798.3894169835235,6149.6824324324325,6974.945500633714
160,CC00363XX09,621.4507183908046,404.40983104799216,5182.679885057471,4270.257590597454,747.7311781609195,798.0353819784525,5849.00459770115,6132.545053868756
161,CC00364XX10,538.8838481338481,451.6301961358314,6034.5701415701415,5264.049180327869,811.1002252252252,902.0155152224825,7807.352638352639,7957.816159250586
162,CC00367XX13,179.73095034246575,422.4670534150613,3581.9751712328766,3394.3566841798015,866.581977739726,818.277729130181,7973.929223744292,11903.32516053707
163,CC00368XX14,432.7104966139955,378.80118355481727,4527.553498871332,5575.715946843854,354.8676072234763,714.6797653654485,5332.777878103838,5072.368355481727
164,CC00370XX08,396.2861902573529,443.105441994863,5212.968290441177,3226.415667808219,708.7419577205883,1368.8698630136987,9346.978860294117,9315.02910958904
165,CC00371XX09,531.0680026281209,518.210637936885,5573.358300481822,5791.852052935188,665.4507227332457,524.8541737360027,8552.140166447656,6916.841533763149
166,CC00376XX14,448.9523429179979,327.4952107279693,3928.293130990415,3812.0105363984676,667.1854366347178,519.7037835249042,8678.88178913738,7884.736590038314
167,CC00377XX15,396.295406824147,597.6591218053289,5521.817322834646,5178.976617727026,680.358530183727,550.4920473083197,8473.715485564304,9152.107667210441
168,CC00378XX16,473.5940476190476,537.9636805555556,4899.687394957983,4551.128055555556,1312.8591036414566,360.47798611111114,5438.119887955182,7385.422777777778
169,CC00379XX17,273.4119252458068,305.0138888888889,3567.1466165413535,6323.263009845288,840.2809427414691,1075.0117205813408,5343.919028340081,7785.848101265823
170,CC00380XX10,648.0181101462523,464.72904191616766,5267.2783363802555,4146.818648417451,1002.2493144424132,688.2252994011976,6817.743144424132,7820.2215568862275
171,CC00381XX11,585.7471779548473,656.7222513638271,5304.2399291722,3711.8808224926565,677.5941235059761,703.125262274444,5467.929614873838,5936.820394460764
172,CC00382XX12,666.6624879459981,653.523598820059,5624.423336547734,3092.0703048180926,643.8909112825459,502.90345378564405,6952.372227579556,4613.251720747296
173,CC00383XX13,602.62650532654,505.02941176470586,6070.466882816118,4989.541416566627,683.154238073182,413.4548319327731,6894.827698008337,6750.285714285715
174,CC00397XX19,414.8982688848921,331.71766254578756,5489.880395683454,3804.010531135531,745.482464028777,968.0064102564103,6513.494154676259,9361.569597069598
175,CC00398XX20,602.8351080246914,378.2222309136421,5500.010493827161,6049.874843554443,1082.5475308641976,533.8362015018773,7018.957407407407,8391.168335419274
176,CC00400XX04,493.2349652087475,346.36323663773413,6049.509940357852,5622.45180447693,385.05958001988074,325.5697807217908,9244.926441351889,7661.59113750571
177,CC00401XX05,504.2642682072829,315.3419474585951,6196.960084033613,5731.504283266705,725.7680759803922,852.8646487721302,8663.223389355742,8048.841804683038
178,CC00402XX06,439.46266980718667,662.2399870801033,4182.598159509203,5667.157192075797,1175.0135845749342,1102.1874461670973,5757.015775635407,11050.71231696813
179,CC00403XX07,545.9901874115983,426.48199916759154,6609.685997171146,5323.193118756937,739.1257956152758,1036.693257491676,9232.384724186704,7567.220865704772
180,CC00404XX08,437.90959507042254,409.6015770665009,5459.033098591549,3749.22156619018,846.1203345070422,477.80174021131137,6566.759154929578,5681.35922933499
181,CC00408XX12,1302.978641055046,505.78464566929136,4907.967889908256,4463.86719160105,1455.7611811926606,1047.0495406824148,6479.850917431193,6600.099737532809
182,CC00409XX13,391.2897330339321,682.727141355754,4153.872255489022,4800.520231213873,924.7968438123753,910.9645953757225,6201.946107784431,6834.044140830268
183,CC00410XX06,482.615024766098,663.7854050279329,4201.294441386902,5000.82905027933,749.0748486516236,1150.013407821229,6660.290588882774,8508.062569832402
184,CC00412XX08,519.3097143753923,409.4330985915493,4875.377275580666,5434.328277356446,849.279347143754,999.4926868905742,7413.559322033899,5505.299566630552
185,CC00413XX09,421.02704117236567,394.0835535006605,6273.076064200977,6854.974240422721,1927.3382763433356,855.4380779392338,5790.234124214934,9681.02642007926
186,CC00415XX11,526.1374105545617,490.0549168297456,5767.688729874776,4871.994129158513,644.8011329755516,388.4044765166341,6706.627310673823,8013.364970645793
187,CC00421AN09,519.9774447949527,311.86676673944686,4794.566561514195,5752.884279475982,822.4142744479495,684.768558951965,6605.369085173502,8527.719068413391
188,CC00421BN09,491.3563734290844,305.2967490596454,2648.523040095751,4187.790972595379,1277.8551765409934,1012.4480118216013,5299.509874326751,9842.951101558301
189,CC00424XX12,147.59020882009347,275.18097954949616,5203.628504672897,4434.9193835210435,782.5759345794393,754.5057053941908,7605.992990654206,8728.80023710729
190,CC00425XX13,327.13774485183325,730.1548713235294,6865.663485685585,6813.333639705882,708.6540683073832,1128.765625,7233.899547965846,7690.592830882353
191,CC00426XX14,463.8924510840825,444.1250517598344,3953.8358011634054,5272.595031055901,822.9413008989952,607.7792960662526,6487.778952934955,7831.725051759834
192,CC00427XX15,420.42199197860964,374.09312230989957,5316.2791443850265,4481.186513629842,628.2176470588236,602.391006097561,6527.08449197861,6171.62912482066
193,CC00428XX16,599.1655844155844,525.9712158808933,5954.467532467533,4998.661042183623,695.8701298701299,901.55682382134,9380.601731601731,8426.437717121587
194,CC00429XX17,616.0275706940874,476.069056372549,5450.829820051414,5754.893627450981,840.6962724935732,608.9616421568627,6650.935732647815,6951.01568627451
195,CC00430XX10,1157.422633643943,654.2607003891051,5383.69151544875,5703.209338521401,1108.3452672878861,531.3977626459144,8534.780774889652,7571.081712062257
196,CC00431XX11,1403.276750330251,435.8529223549488,3807.5253192426244,3025.310366894198,1461.7120211360634,496.30674061433444,7047.306913254073,6162.896757679181
197,CC00432XX12,361.3099348534202,536.0707136940916,7038.987622149837,5643.385974599669,844.5608306188925,875.8596079514081,8700.188925081433,7555.987852015461
198,CC00433XX13,381.2065377804014,447.89447628973426,4090.2358323494686,4061.48228243877,802.1257378984652,779.1408936946326,7976.36481700118,9373.01511203752
199,CC00438XX18,205.23944822175733,274.4161605565371,4096.109205020921,3744.59054770318,975.4466527196653,783.7112411660777,8151.426778242678,7691.434628975265
200,CC00440XX12,477.82896205357144,594.6342091007584,5008.1974206349205,6216.743228602383,718.9622395833334,750.5535617551462,7213.439484126984,7935.580715059588
201,CC00441XX13,621.782871756487,526.1001833740831,5102.819361277445,4456.570171149145,910.559755489022,790.5426650366749,9831.86127744511,7939.897310513447
202,CC00442XX14,477.8733476536682,564.2716680578742,5371.318572372769,5141.8002225932105,448.6947290152016,517.4529076238175,8470.08526107072,8855.842515303284
203,CC00443XX15,384.22625329815304,392.0789388020833,3738.8532981530343,5014.84375,949.7763852242743,592.9622395833334,8250.806332453825,6638.625520833333
204,CC00444XX16,379.63179423183584,407.83642231170063,6048.003882418192,6211.705352913311,580.3849140321686,771.9032449076267,7201.531336661121,7577.572714353387
205,CC00445XX17,443.60928001519756,526.4788715389568,3907.8882978723404,5591.731487443657,1411.1292743161093,782.3921442369607,9152.758358662613,8438.310367031552
206,CC00446XX18,792.3115702479339,828.8833486519608,5738.645730027548,4955.333026960784,985.6798898071626,897.2974111519608,8688.263360881543,7774.469362745098
207,CC00447XX19,498.11408904510836,471.5606734856536,4335.427943760984,6716.933049946865,1450.7041593438782,758.3232598299682,7585.021089630932,9258.941551540915
208,CC00448XX20,280.8281330916623,359.65430487305485,5713.5287415846715,4499.118345618345,652.8204298291041,567.2522522522522,6844.529259451062,6606.9185094185095
209,CC00450XX05,517.3623285994123,631.8892372881356,5578.359451518119,5274.467118644068,805.8429236043095,922.1314406779661,9081.498530852106,9329.247457627118
210,CC00451XX06,358.8007418397626,471.7859531772575,4638.2839762611275,5522.484949832776,625.5992581602374,1184.2279821627649,9411.846884272996,9465.161649944259
211,CC00453XX08,362.504257493188,407.64200699458485,5461.358310626703,5545.483303249098,411.9210235013624,594.1577166064982,6235.239782016349,8246.364620938628
212,CC00455XX10,583.8342606330366,385.7743040212108,4535.435212660732,5186.6725585505965,719.1236399604352,845.3127485638533,6538.419386745796,8084.25718073354
213,CC00457XX12,409.71750637755105,524.7108246138515,6330.405102040816,5030.979073243647,730.2714923469388,544.6429995017439,9328.685714285713,10226.780269058296
214,CC00458XX13,522.9122093023256,566.367900790798,4775.914950166113,4496.603882099209,906.4667774086379,775.1476455787204,6228.834551495017,4528.017972681524
215,CC00461XX08,227.4873006687243,369.87307414540203,4597.8292181069955,4777.205103514684,707.7371399176955,591.0748675974963,6544.98816872428,5788.633606162734
216,CC00466AN13,486.6775116047745,457.49913093858635,6360.9814323607425,5517.008111239861,743.2991545092838,629.0812572421785,8546.449602122017,12228.409038238702
217,CC00466BN13,551.1460396039604,588.5432838083688,5221.907001414427,4881.208004851425,388.4428483026874,994.1522134627047,6409.734794908062,7557.798665858096
218,CC00467XX14,278.04899497487435,360.1796347128378,3065.94106898127,3440.9366554054054,417.4954317039744,889.6418918918919,7446.732297852901,7211.706925675676
219,CC00468XX15,249.79889584479912,397.50044894817853,5048.6070445789765,5875.197024114931,260.70332278481015,567.6483453052848,6901.189873417721,7817.454079014879
220,CC00469XX16,507.964897260274,325.46600210477084,4878.203450025368,4679.4569691300285,1070.3835616438357,705.2003624883068,7788.108574327753,7064.478952291862
221,CC00470XX09,629.889137737962,396.8893833849329,4098.347144456887,4275.159184726522,1304.6145016797313,538.1694401444788,8027.515677491601,7278.4391124871
222,CC00472XX11,541.6802014278429,733.6024641954507,5326.395206527282,5477.67649536647,758.332483426823,955.6383740522325,8234.242223355432,7523.584667228307
223,CC00473XX12,356.1452410383189,430.02332650273223,5274.286773794808,5045.525683060109,829.5536155747836,751.9629098360656,9973.529666254635,8229.70819672131
224,CC00474XX13,414.718671835918,408.3069243344232,3289.071535767884,6092.3241475945815,1087.4973736868435,633.4549859878562,5684.16408204102,7750.247080803363
225,CC00475XX14,410.34729493891797,662.63404892661,4370.102966841187,5254.8956565152275,1157.6969168121,1193.927109335996,8897.144269924374,9654.421367948078
226,CC00476XX15,403.81001932989693,459.49107142857144,4922.645360824742,5274.290372670807,859.7438144329897,1099.7995600414079,9354.19793814433,11292.490683229813
227,CC00477XX16,470.8943541169451,481.5909707859359,4313.581145584725,5311.389348500517,872.5511634844869,461.42816054808685,5795.286992840095,5746.919855222337
228,CC00478XX17,441.1574881141046,661.5727306547619,4847.725303750661,6580.4682539682535,524.461734020074,926.7875124007936,7887.941362916006,7474.886904761905
229,CC00479XX18,247.47968342036555,451.3916468489893,5319.527088772846,4434.640309155767,839.1564947780679,737.1663941736028,9316.309399477806,10741.43162901308
230,CC00480XX11,290.7643833849329,516.5671860356139,4478.081011351909,5717.196813495782,604.8232714138287,434.97393392689787,7745.570691434468,8873.00656044986
231,CC00481XX12,453.0137804497189,485.61625664893614,5380.605871330418,4577.816489361702,437.0832292317302,339.88011968085107,6569.951905059338,9521.274468085106
232,CC00482XX13,550.8833372201492,414.0339073129252,5714.666977611941,5264.319727891157,783.7659165111941,866.6245748299319,8278.369402985074,9166.227891156463
233,CC00483XX14,509.78195949432404,398.9682464189794,4927.128998968008,4014.9543419874663,408.01173890608874,599.3414279319607,6984.445820433437,7914.032229185318
234,CC00484XX15,522.6584338280767,419.5161159263272,4888.913110698825,5377.977789815818,526.4194109461966,946.3584100758396,7457.207173778603,7313.646803900325
235,CC00485XX16,259.64792011589407,348.0142161885246,4779.693708609271,5388.427049180328,443.291494205298,470.1142418032787,9854.139900662252,7750.445901639344
236,CC00486XX17,421.504381127451,376.6768190521781,4555.536274509804,5909.93393968406,989.6929534313725,616.8253949258018,8645.362745098038,8470.276687410244
237,CC00497XX20,265.1109547047047,406.77784624413147,5141.247247247247,5261.530985915493,538.8786286286286,786.0245892018779,6570.4344344344345,7930.125821596244
238,CC00498XX21,470.61127804487177,411.48265232108315,3521.7208867521367,4746.420696324952,781.2694310897435,746.6890715667312,7550.612713675214,7347.482591876209
239,CC00499XX22,365.54434505761066,423.2085030549898,6709.395391146149,4408.884419551935,504.06367495451786,696.3771639511201,9362.01394784718,7865.920570264766
240,CC00500XX05,404.58929889298895,298.4000177746178,7456.49667896679,5751.599360113758,756.5225553505535,407.41157127621756,9738.353505535055,8051.150373266974
241,CC00501XX06,408.6811567164179,455.52979587357333,3007.979104477612,5154.221246707638,935.4567786069651,715.9255377524144,5553.111442786069,7778.158033362599
242,CC00502XX07,289.1420355270821,325.4708806818182,4629.237332556785,4053.490800865801,760.6579790331974,428.97544642857144,8337.874199184624,9295.231601731602
243,CC00504XX09,431.3655051150895,440.43591351829986,5269.544757033248,4128.703364817001,820.259462915601,303.07087514757967,4755.274680306906,6359.247933884298
244,CC00505XX10,342.42087727006447,342.6056980759744,4929.968365553603,4551.611741489886,771.6493116578794,681.514121854958,6518.829525483304,6873.247656635422
245,CC00506XX11,397.70264811490125,505.54527397260273,4315.213644524237,3893.7786301369865,746.3414123279473,552.6523287671233,6888.6032315978455,4952.552876712329
246,CC00507XX12,394.73899343922653,460.6659445407279,4938.850828729282,5608.541305603697,897.924205801105,783.4715482380127,8235.98273480663,8874.04621606008
247,CC00508XX13,356.44244044396316,434.9447640632264,4600.43475906876,4544.054858205486,1116.1716296697348,618.1658530915853,5334.040064970222,8818.880520688052
248,CC00509XX14,295.19861985125857,411.3592137425312,5426.381578947368,4466.114611624117,955.7286184210526,532.2880228136883,9736.491990846682,9737.483976099946
249,CC00512XX09,522.3071940104167,429.2939181486548,5080.4375,4689.305517555859,781.653515625,539.3472982216142,8405.378125,5789.53488372093
250,CC00514XX11,339.8820821529745,445.6896744860306,4664.088385269122,3398.0898787559304,1118.1390934844192,661.1360701107011,6402.070821529745,9436.153927253557
251,CC00515XX12,393.53640743756785,341.94785189372527,5516.479913137893,4227.44036178632,539.3649565689468,907.613764838892,9384.449511400651,6048.494064443188
252,CC00520XX09,214.37975,438.1154199877376,4897.785333333333,4707.963825873697,419.1041666666667,1054.7680870631514,7024.437333333333,7873.109748620478
253,CC00528XX17,818.0410647957078,370.5043788187373,4529.5323978539,6138.17433808554,1025.3048906314486,972.6985743380856,7136.779199339661,7772.449694501019
254,CC00532XX13,437.9983071505959,718.0788423153692,4729.922535211268,4717.920159680639,1040.078074214518,1048.6654191616767,9112.124593716144,8440.015968063872
255,CC00534XX15,391.14775604952166,476.77770953757226,4439.315137872819,5013.287861271676,674.6987197523916,692.9784682080925,8109.931907709623,7354.212716763006
256,CC00535XX16,308.4607231064764,676.4697863968522,4425.072447859495,4978.026981450253,444.8717069154775,643.2033445756043,10584.414928649836,9908.681281618887
257,CC00536XX17,425.21208414872797,426.5272619517977,5526.772504892368,4623.561833267483,925.4261252446184,646.1090478071908,8296.77495107632,7368.248913472936
258,CC00537XX18,549.8642974753019,291.0190746753247,5738.271130625686,4853.387445887446,689.252607025247,325.6568925865801,6926.5839736553235,8041.741341991342
259,CC00538XX19,428.8162260967379,266.26553244480345,5809.918447694038,4189.506192784061,486.9946920697413,577.9572563274098,7484.061867266591,6585.665051157782
260,CC00541XX14,481.0673894557823,417.5947098976109,4801.803692905733,4039.7209897610924,1233.011175898931,737.7995413822525,6848.007774538387,6475.513651877133
261,CC00542XX15,868.9483638743455,359.4364343029087,6193.616230366492,4436.623370110331,1232.1810209424084,572.8608324974924,7937.44554973822,7461.862086258776
262,CC00544XX17,264.72918399889073,382.1688018545632,5161.9179145868,4619.691068814056,794.5654464780921,651.8776232308443,7974.683305601775,7339.3411420204975
263,CC00548XX21,467.8373790078645,397.48536691904485,3304.0701754385964,3338.822655794991,663.5777374470659,742.6217239370995,6914.477313974591,7192.549796156086
264,CC00549XX22,345.734681760608,287.88811936936935,4446.175110829639,4792.2078078078075,794.0876345788474,592.6135510510511,11099.949335022166,9794.615015015015
265,CC00550XX06,309.27676694692593,421.3249865735768,4301.064634787178,3797.410042964554,1141.4081713084604,595.9176960257787,8143.9190751445085,7572.10096670247
266,CC00551XX07,290.5430338107928,203.0050975177305,3994.676215856096,3238.3139479905435,1035.5640406395737,766.4111111111112,11696.234510326449,6417.5782505910165
267,CC00552XX08,558.3739336818933,588.2061905790838,5851.462300495322,5635.598962834918,687.8351678591084,1085.9853068280036,9774.216840946616,8917.923941227313
268,CC00553XX09,305.1232638888889,409.0930799220273,5983.887222222223,5348.901072124756,892.5615277777778,1041.5528752436646,9184.052222222223,6838.950292397661
269,CC00554XX10,357.1332438650307,522.4390464695232,6092.680981595092,4003.398008449004,589.6907208588957,692.081547978274,7191.132515337424,8603.514785757392
270,CC00557XX13,536.8398227712138,430.08987831858406,5485.883458646616,4980.3018682399215,1236.3364661654136,874.3491887905604,7845.383995703544,6882.475909537857
271,CC00560XX08,549.1280129789864,541.1875557537912,6337.0556242274415,6200.4326494201605,725.1242274412855,583.5083630686887,10189.83065512979,8729.395182872435
272,CC00561XX09,588.4797263051191,486.16477011494254,5467.58134820071,6012.278620689655,881.1959579320832,533.759540229885,7774.993917891536,8600.381609195403
273,CC00564XX12,681.94081043409,597.0278199566161,5771.095181202708,7060.154446854664,743.9551473516527,738.890780911063,8419.303863002788,7588.865075921909
274,CC00566XX14,716.0651667484061,781.5160632330444,5051.966650318784,5032.816930137685,784.5077243746935,962.1564252932177,7846.636096125551,9578.7108618052
275,CC00568XX16,321.92163074372337,453.69411177644713,4644.415916627191,7090.8183632734535,465.944694457603,411.6842315369261,7812.677877783041,9754.187624750499
276,CC00577XX17,720.9049394725465,501.6974741676234,5173.912235192391,5064.713356295446,971.2743190661479,849.8388825105243,5588.92607003891,9431.605051664754
277,CC00580XX12,350.1884810126582,441.13887733887736,5738.404050632911,5392.770893970894,922.0129746835443,510.9747920997921,9813.467341772151,7461.117671517672
278,CC00581XX13,369.4282221960415,478.70379483814526,4437.29123468426,4235.6093613298335,949.1179311969839,522.9194006999126,5537.2196041470315,8394.133858267716
279,CC00582XX14,442.499426868409,278.4493325242718,4461.368179734067,3696.0230582524273,1067.8567171022466,460.21280339805827,6902.580467675379,6479.578155339806
280,CC00583XX15,413.6806797163995,419.0860969387755,3928.329223181258,4835.833163265306,705.2806720098644,687.0043367346939,7396.52281134402,7788.774489795918
281,CC00584XX16,295.49473566308245,182.31469352446862,3579.879330943847,2797.5190311418687,825.9877538829152,567.1638655462185,8376.63082437276,8126.852694018784
282,CC00586XX18,417.1272336201191,268.5627268602541,2481.232296492389,4466.809739866909,713.6631369953673,994.0607985480943,5827.14493712773,8567.148820326678
283,CC00588XX20,1309.8420848422143,368.5142194323144,5499.911019141231,4675.748908296943,1441.6280393171237,566.8467248908297,8049.033626487326,5829.528384279476
284,CC00589XX21,229.51342281879195,519.4530540652084,5107.437790397522,5286.877424680149,689.4895456892101,853.6727197688815,7346.561693340217,9627.489063144862
285,CC00590XX14,618.1362537764351,807.3809707241911,6456.62839879154,5533.168977914741,1016.6389728096676,918.8253723677452,6072.274320241692,7316.422701592193
286,CC00592XX16,560.0245253164557,290.5377740083507,5553.547468354431,6192.215553235908,860.331223628692,397.7828157620042,8059.670886075949,8519.864822546973
287,CC00593XX17,388.7674782372144,436.8569360815192,5422.383025027203,4333.117647058823,764.2188520130577,592.7283464566929,6439.466267682264,6317.5048633626675
288,CC00594XX18,266.1191451990632,386.2526210683974,3907.6344262295083,5791.89915127309,706.860655737705,638.3291313030454,8238.512412177986,8046.7548676984525
289,CC00596XX20,1011.8212283384302,424.6794476869866,5167.35881753313,3424.2204928664073,1442.216615698267,559.1117596195418,6811.8425076452595,5591.192823173368
290,CC00597XX21,258.7906901041667,448.1495439914163,4907.169270833333,4700.320278969957,524.4048665364584,575.8237660944206,6592.751302083333,7917.046137339055
291,CC00598XX22,568.1773837551501,642.8771626297578,6646.190700412007,5160.433514582303,1496.088287227781,745.8412011863569,7076.785167745733,8386.44982698962
292,CC00607XX13,263.4683872938302,608.2055614688664,5375.572388515578,4738.5965939329435,700.2590103848503,759.343666844066,8586.885766646305,8359.425758382118
293,CC00616XX14,605.7643789696542,360.833203125,5562.466478475652,5708.913194444444,701.6584774170783,189.83891059027778,8234.543401552575,6224.971527777778
294,CC00620XX10,633.0421231090245,416.36626129718235,4881.333854981743,4479.531632110579,780.3981481481482,825.1513822434875,7717.0490349504435,7472.809144072302
295,CC00622XX12,415.826205832866,461.27300201477505,5845.072349971957,5622.982874412357,436.6345695457095,553.3111148421759,6916.752664049355,9727.069173942244
296,CC00637XX19,797.9570829094608,572.6512512266928,5403.265513733469,7189.68645731109,825.6190233977619,775.5288886162905,7958.829094608342,7740.359175662414
297,CC00639XX21,780.790911747516,456.52577541642734,5494.5189947399185,5545.704767375072,2005.4655172413793,1059.3099511774842,8050.731151373466,8619.820792647903
298,CC00642XX16,472.4340949033392,518.1523656776263,4191.499707088459,4506.458700882117,798.1151142355009,887.7067963111467,9500.55770357352,5946.143544506816
299,CC00647XX21,602.4606839970502,511.77740355174524,6463.347345132744,6913.848744641764,712.1968104719764,916.053276178812,7215.138643067847,9762.489283527251
300,CC00649XX23,263.56816123188406,314.48762026032824,5156.905797101449,3804.29428409734,950.2467391304348,375.146363893605,7199.083333333333,5875.664402942841
301,CC00650XX07,394.6321602504638,412.1238793806031,6521.466604823748,5502.023634881825,602.3826530612245,610.107630399348,8415.78293135436,8850.568867155664
302,CC00652XX09,791.9960173281163,414.34694343065695,5596.1626607043045,4631.41605839416,1321.989938513136,902.5815302398331,6850.475125768586,8523.92700729927
303,CC00653XX10,615.1746608527131,470.32905544147843,4965.208817829457,4990.47022587269,827.0400920542636,638.5374743326489,7929.700096899225,7440.038501026694
304,CC00654XX11,505.3642543859649,665.6039461020212,5825.843859649123,5622.367661212705,1105.288596491228,966.0171438883542,7624.188304093567,8261.568816169394
305,CC00655XX12,546.9076691380908,275.7626209507783,4011.478220574606,4640.076146403029,503.0455861909175,532.7616743794699,6714.712233549583,10610.88935633151
306,CC00656XX13,461.12001379829405,507.5428527856852,5741.339187155043,7557.873932492883,1141.6570496738584,755.7084688897926,7143.687405920722,9208.046360309068
307,CC00663XX12,355.1281871494136,545.1818495514148,3540.482406935237,4657.542097998619,882.3978837327894,854.773033126294,7381.873023967363,6525.899240855762
308,CC00664XX13,687.9085953346856,400.41472387566137,4309.045300878972,4302.8287037037035,948.8200642325896,324.90736607142856,7275.176470588235,8839.273148148148
309,CC00667XX16,830.0119047619048,499.0340738891662,4756.467908902691,4754.256115826261,1005.1609083850932,611.2513729405891,7694.015010351967,6076.807289066401
310,CC00668XX17,270.3121890547264,411.34776234567903,7160.274084124831,3801.0246913580245,909.4879579375848,698.1279835390947,6857.319312528268,5563.832921810699
311,CC00669XX18,404.1385451818523,364.70107977082415,5325.673415823022,4011.1802556192156,361.4583333333333,909.6119435874834,6702.600674915636,8067.863375936536
312,CC00671XX12,406.2578323993887,587.0908534095549,5098.27407030056,4187.385871784401,498.9546612328069,1026.631482237648,7121.309220580743,8478.371580236832
313,CC00685XX18,363.8783562052506,338.9296139359699,5779.914478918059,5072.334463276836,802.4057279236276,563.1544256120527,7762.254574383453,7030.8896421845575
314,CC00687XX20,725.5656164383562,566.5422086720868,4415.278356164384,5756.89864498645,1126.6086301369862,1120.319918699187,6639.126575342466,7642.696476964769
315,CC00692XX17,369.62843224092114,407.62293982368726,4562.707705934456,5274.408202376389,508.54229406554475,494.26322345726334,6242.425597874225,6978.791874281334
316,CC00693XX18,433.8375902992776,741.7135765550239,5322.1578947368425,3616.0186602870813,537.9875515995872,1242.445933014354,7378.739422084624,7430.408612440191
317,CC00698XX23,607.0331477732793,547.3710061993323,5708.461538461538,5726.497854077254,636.264802631579,921.306628516929,5660.4266194331985,6559.828326180257
318,CC00705XX12,364.8789849976559,288.185092724679,5236.615096108767,4169.592011412268,639.2673464603845,548.2227769852592,8262.462259728083,8066.004755111745
319,CC00714XX13,345.08628211342705,261.56303660189786,6980.952981095492,3665.3635336647085,849.2392147358216,1110.0002259376413,8515.337857489094,8389.350203343876
320,CC00716XX15,342.0547650130548,406.4018895348837,6311.057441253263,5043.59757330637,786.9048955613576,522.38665950455,8706.500261096606,6709.016177957533
321,CC00719XX18,398.29577771329076,374.70840850515464,3928.561230412072,3938.2221649484536,1100.9297736506094,557.344587628866,7608.7719094602435,8225.60824742268
322,CC00720XX11,283.1371565560392,298.9064464285714,3643.550054406964,5111.315428571428,423.20508025027203,802.3805714285714,7743.57127312296,7508.513142857143
323,CC00731XX14,384.0387254901961,277.1400088613203,5594.641394335512,3415.127159946832,835.3061546840959,469.5266393442623,8858.336383442265,7065.6105449712
324,CC00734XX17,399.29209305092814,576.480445116681,5662.656830080914,5054.509507346586,1156.1714659685863,662.1131158167675,8587.453593526892,7446.012964563526
325,CC00736XX19,395.31738705473504,318.4967069154775,5335.445699391833,3477.5583607757044,470.70981754995654,243.8962907061837,6070.384448305821,6518.112696670326
326,CC00737XX20,675.6150933871781,369.74748956703183,4817.8258455325595,5770.646844027126,991.937152953054,693.2134846113719,6630.565875820293,7344.7449139280125
327,CC00740XX15,292.64729692645443,369.89442740286296,4022.9725576289793,4743.310327198364,607.6448271130625,1029.8409381390593,11107.822173435785,9377.57055214724
328,CC00741XX16,639.5779186195143,388.5821235482579,7193.485300383469,4960.242290748899,777.9030144865786,861.0188225871045,7375.036216446528,7606.920304365239
329,CC00749XX24,415.7439586447434,337.0920199912127,6486.687593423019,4916.855008787346,750.6548330842053,514.9365114235501,7188.723467862481,7386.425307557118
330,CC00753XX11,358.2903758777365,574.6735003796507,6953.731515902519,4133.640091116173,861.9566811235027,859.1181662870159,10402.579099545643,6481.465451784358
331,CC00757XX15,368.81620865758754,494.6589486183074,5075.694552529183,4080.062176165803,697.6246960116731,619.1904145077721,6925.363813229572,6513.754317789292
332,CC00765XX15,360.07225623087015,530.3344048112816,4120.535198950591,4060.948569058482,613.6551158723219,376.28134072998756,4948.018364669873,8849.640812940688
333,CC00769XX19,283.96068672839505,409.0425841968912,8996.276543209877,3895.6418393782383,605.7032021604938,1063.017810880829,10602.387654320988,8833.730569948186
334,CC00777XX19,588.7662059103908,377.8661502206177,5504.279313632031,5444.8487765744085,804.7875953288847,557.8570998796631,8602.902764537655,8446.036101083033
335,CC00783XX17,418.2768109540636,778.7450312322544,7858.178798586572,7926.207836456559,932.546113074205,799.0853918228279,8396.524381625442,9457.651334469052
336,CC00789XX23,577.516770051933,491.10054495912806,6911.094633583381,4947.978201634877,1000.715089440277,828.2204359673025,8695.04154645124,8815.78310626703
337,CC00791XX17,339.5132558139535,466.70116590214064,5520.684651162791,5190.356651376147,629.1581976744186,704.8483371559633,8128.989767441861,6599.043577981652
338,CC00798XX24,293.5773681954565,319.61210232158214,4282.5589369909985,4983.509028374892,802.7633411915988,732.4817820292348,7143.400771538792,6276.386070507308
339,CC00801XX09,377.8513207338638,459.824095840868,5272.293103448276,4982.903435804702,738.2582891246684,793.8333634719711,9582.36516357206,7828.228571428572
340,CC00810XX10,366.0407498552403,316.56985680504465,5225.138390272148,3942.0039411455596,753.3537203242618,392.2430373095113,7300.426172553561,8040.929059379926
341,CC00815XX15,307.8163546255507,259.77760344026035,4090.8094713656387,5364.495118549512,648.590859030837,654.4764063226406,6350.906387665198,7809.418874941887
342,CC00816XX16,613.3964891041162,396.2976063829787,5451.141888619854,5595.810638297872,707.0998789346247,626.2791888297872,7671.7384987893465,9982.810638297873
343,CC00818XX18,513.796142578125,498.27953728661277,4741.6943359375,3742.2796495956873,675.8775024414062,660.4514824797843,7972.56494140625,5927.831985624439
344,CC00822XX14,557.3954556020456,449.7059688944935,3469.2938168293817,4377.583018074822,880.5318456531845,616.7480033627575,5165.307763830777,6361.083648591845
345,CC00824XX16,327.76072046465646,638.583723784025,5365.477508650519,4156.740740740741,619.4172021749877,870.7643351182508,5992.37123084528,6265.426149040607
346,CC00839XX23,625.47725,542.7896558959295,5299.074,5529.203524968527,1333.055375,670.6238984473353,6619.825,7910.870331514897
347,CC00840XX16,421.3040404040404,377.91123287671235,3400.958249158249,4582.222465753424,767.7699494949495,538.0704794520548,4748.658249158249,7192.059726027397
348,CC00841XX17,421.3787513397642,487.38913504742885,6516.371918542337,5916.201697453819,541.2541532690246,896.5156015976036,8419.501607717042,7615.616575137294
349,CC00843XX19,387.2614652529382,538.4477802037845,3972.9872253449157,4706.228044638525,1110.2530659172203,956.171943231441,10092.992335206949,7064.912663755458
350,CC00846XX22,400.566568654267,478.8852840641207,6129.65317286652,4508.946723243753,603.9951449671772,857.8336869401226,7381.360503282276,9087.945308816596
351,CC00847XX23,513.2204953861097,340.516679041154,5482.818844099077,5396.105218498091,675.8229723166586,675.0270470937633,8397.00145701797,8518.266440390327
352,CC00850XX09,337.45113844743275,565.3866231647635,6893.706601466993,4648.584556824361,570.4741748166259,870.0075448613377,8678.39119804401,7880.193583469277
353,CC00851XX10,796.9349429115128,623.7757088208821,7155.557564224548,3192.20297029703,1376.5900333016175,1143.5328532853284,8176.887725975262,7855.755175517552
354,CC00852XX11,978.9900525525526,404.5663689423417,5679.102102102102,4908.983374602051,1282.974099099099,709.5003979483552,6973.2687687687685,7924.6183233109305
355,CC00854XX13,540.494719962453,730.7035918626827,4985.306633291614,4517.808963763509,541.9407853566959,541.3460743801653,7607.762202753442,6054.4965034965035
356,CC00856XX15,513.0080464908359,388.41987179487177,4658.627626285203,5284.759906759907,1104.9323871256147,197.92708333333334,7618.808225301744,7006.17871017871
357,CC00858XX17,455.45382908511607,701.0216219453762,4697.182066454256,6484.738859607091,860.215919435594,607.07127455678,7946.090122894857,6937.293723047436
358,CC00860XX11,494.9944460473168,535.6787313432836,7077.743796884016,3621.6617910447762,779.4440998268898,817.0301492537313,6945.321984997115,8084.674626865672
359,CC00861XX12,546.4704771371769,413.8865538227463,5551.921272365805,5975.683529859262,1228.3292246520875,821.1087866108786,7369.24055666004,7193.342715861544
360,CC00863XX14,417.53046875,509.54033430232556,3931.51953125,4942.095137420719,364.79501953125,631.1580338266385,5616.496875,6729.870507399577
361,CC00868XX19,220.91312445223488,384.61460084033615,5604.31638913234,3956.6882352941175,1318.229513584575,825.2408613445378,10122.393514460999,9420.513445378152
362,CC00871XX14,393.4980062832286,389.9473170731707,3654.5200579990333,4530.903414634146,671.2657080715321,525.8907317073171,10199.278878685354,8045.280975609756
363,CC00874XX17,388.25114235500877,603.9114619080302,6166.284710017575,3570.8675360329444,460.8208699472759,730.7836307481126,7848.6523725834795,6842.082361015786
364,CC00875XX18,343.12281468531467,370.6787163876205,5691.096153846154,5553.715880263825,562.8806818181819,519.7103627600203,8024.671328671328,9668.276002029426
365,CC00879XX22,605.2182767089644,460.88693222143365,5043.162095783872,5392.55713271824,1047.4356324191567,837.1092973740241,8364.51903397462,8076.844570617459
366,CC00881XX16,422.64166666666665,606.1904841588577,5554.92923076923,4126.621151271754,668.224358974359,546.4159415439536,7593.767179487179,7344.0013386880855
367,CC00882XX17,283.51505711318794,678.9740422289943,7759.0342679127725,4889.064431867653,1053.218717549325,963.5590988245538,9140.18899273105,7553.7387897257295
368,CC00884XX19,596.2117959372115,495.7538339824732,4518.682825484764,4288.308179162609,837.0880655586334,851.6183057448881,9644.899353647275,5102.529211295034
369,CC00890XX17,725.2955223880597,398.63918969380137,6009.733333333334,4804.206870799104,950.2016169154228,613.5256721433906,8791.337313432836,6465.230022404779
370,CC00897XX24,745.0738426874232,375.4319584095064,5170.3473986071285,5568.515539305302,1050.065854158132,398.54341864716633,7562.5981155264235,9960.135283363803
371,CC00898XX25,429.9624186802974,375.5586666666667,4394.139405204461,4034.251111111111,642.2682388475837,693.7175555555556,7078.987918215614,10811.117333333334
372,CC00908XX17,460.106109671848,405.0519651935862,4232.538860103627,4677.030895580759,690.783408894646,637.9875831052015,7976.010362694301,8440.366836136098
373,CC00911XX12,431.77109419464995,292.3065912117177,6204.302788844621,5269.830448291167,746.5146556630621,518.6251664447403,7267.071143995447,7476.695960940968
374,CC00915XX16,331.7893302180685,316.1462796757383,4458.955867082035,3925.7275622466705,750.9791017653167,817.9077156919514,8176.452751817238,8032.544875506659
375,CC00917XX18,426.78991085899514,498.2549556902985,3887.945164775797,4443.491604477612,376.57549972987573,827.0457089552239,8092.725013506213,5428.074626865671
376,CC00923XX16,611.6286407766991,635.3048650568181,5667.135460009246,4386.90625,860.3993874248729,515.16015625,6811.6033287101245,6956.452651515152
377,CC00924XX17,392.6996695475343,365.4320835204311,4167.128368073208,4682.774584643017,413.86337061514996,555.4612146385272,5297.385866802237,5354.145487202514
378,CC00925XX18,424.7491145833333,337.6361084376003,5262.966666666666,4634.526788578762,870.3094791666666,1268.8172922682065,8756.7975,6175.777991658646
379,CC00928XX21,382.9574768756423,255.30819734829169,4843.933710174718,4378.905660377359,977.5543422404933,721.4869964303927,7453.2147995889,6678.386537480877
380,CC00929XX22,1052.2099745870394,1039.898148148148,4656.720880982634,5111.606434717546,1004.3063320626853,1041.1769547325102,8076.64040660737,7624.670407781519
381,CC00930XX15,945.6179469273743,414.4693058300395,6161.4553072625695,4131.644268774704,942.1466480446927,532.4783843873518,7820.987709497207,6964.772233201581
382,CC00938XX23,408.2598814229249,614.0436034962256,4079.699604743083,4879.352006356774,588.3581466842336,403.0795093365117,8023.104084321476,6487.074692093763
383,CC00939XX24,578.5654456967213,357.8482305936073,5399.75,4589.799086757991,640.3612961065573,490.79417808219176,7739.540983606557,8022.89406392694
384,CC00940XX17,349.98896439106613,379.7524809966216,7254.6573957016435,4390.581925675676,626.7683839022335,169.07506334459458,8836.61188369153,7398.114864864865
385,CC00947XX24,557.5450610997964,336.2995060619668,4636.086558044806,5872.229456668163,949.4287169042769,855.3581050740908,8191.376782077393,9287.066008082622
386,CC00948XX25,249.2293956043956,452.8157813781788,4282.948131868132,4336.5664479081215,843.1067032967032,835.8122436423298,7552.999560439561,7316.920426579163
387,CC00949XX26,656.6300411522634,622.6448395490027,5561.818518518518,4481.215958369471,792.547170781893,670.8925628794449,6003.532510288066,7499.228100607112
388,CC00956XX16,354.79372034791777,502.3943906761178,6061.539272535582,4038.467284623773,651.9623748023195,555.6145719738277,7162.56299420137,7989.800436205016
389,CC00958XX18,453.6212282192945,401.3205477957224,6473.022099447514,4939.669140113488,530.6951232469188,293.0644096464426,10437.605609859753,8378.565691837626
390,CC00962XX14,332.73291178929765,395.76177763819095,5724.998745819398,5177.010050251256,665.7208403010034,472.7275963149079,6955.320652173913,6699.793132328308
391,CC00966XX18,603.1396212847555,526.1097604576332,5386.84276126558,4621.013228459064,922.1447746883988,658.4183947086163,8716.98945349952,6936.430461208438
392,CC00967XX19,549.9281521184278,427.4703501506024,5604.76314446146,3909.461345381526,524.0586715160796,687.4195532128514,8631.083205717203,7380.693775100402
393,CC00974XX18,439.98118479880776,585.4423823072943,5388.218579234973,5432.546301086394,1127.0767511177348,816.7452793585101,6959.943368107302,7594.058458354889
394,CC00976XX20,809.2755988727102,497.8597957809695,5228.502113668389,6501.010771992818,852.7893377172381,702.5346162477558,7160.081728511038,7578.0960502693
395,CC00980XX16,435.28693768056127,601.606661977492,4586.297977713578,6082.557073954984,909.5619067271977,1114.5092443729905,6519.313660751135,7213.0
396,CC00982XX18,446.8811119873817,360.14448472294146,5925.930599369085,5152.693940963231,865.734752891693,949.1283013982393,10023.567823343848,6095.077679958571
397,CC00987XX23,437.6502262443439,616.2672513492676,4543.2307692307695,4621.097532767926,903.5445135746606,799.8247397841172,7058.7447963800905,7525.606784888204
398,CC00990XX18,436.79647251057287,544.5816151202749,6096.657823913879,4774.643757159221,814.9332948865821,489.8224035891562,5329.320645905421,6062.445971744941
399,CC00992XX20,454.3945753386005,378.11656660949114,4254.273137697517,4852.902229845626,655.6272573363431,751.3677815894797,8719.062076749437,8423.506003430532
400,CC01004XX06,863.7922615648201,482.76618379357177,3990.4003426613363,4937.10819375283,1020.5200599657338,517.1207559981892,7336.588806396345,9106.513354459032
401,CC01007XX09,297.2365362149533,444.11610647693817,3732.2,5808.754170755643,503.4583528037383,621.1643768400393,8712.53644859813,7921.252208047105
402,CC01014XX08,516.7483191393994,398.44622651579846,5582.813984760197,4991.83561058924,758.5308157776782,847.4395281810419,7030.546839982071,7095.464560204953
403,CC01015XX09,266.498943035158,428.41693458980046,5120.565198041833,5096.5006651884705,533.7898308856253,503.53713968957874,8272.834000890076,7783.20088691796
404,CC01022XX08,286.10869315571887,444.63718587521663,4988.905833716123,4926.475736568457,386.2586701883326,650.5349870017332,5966.567753789619,6957.301559792028
405,CC01023XX09,453.4950421417947,418.73687320180846,4058.464055528012,4828.599260172627,658.0435671789787,571.4289457459926,7394.413981160139,8414.55815865187
406,CC01027XX13,466.75428709055876,613.3871124031008,5094.685934489403,4399.707149009475,627.2589113680154,747.1877153316107,7063.357225433526,8576.127476313522
407,CC01029XX15,313.48562108559497,540.0965930189379,5426.068893528184,6125.308949127368,804.6097077244259,1013.0276643148904,5644.391649269311,8157.933902710732
408,CC01032XX10,488.20307978503513,488.86316375789085,5680.53906572964,4711.365763089491,604.2440057875154,537.2931674712216,7706.080198429103,7448.909023393984
409,CC01037XX15,711.742494226328,277.2559016504329,5133.580254041571,4847.059523809524,1376.0832852193996,652.341856060606,7157.603926096997,7130.366341991342
410,CC01041XX11,291.0610501242751,557.7259703196347,4210.91797845899,4314.45799086758,444.6980115990058,528.0256278538812,5855.045567522784,8281.572602739727
411,CC01042XX12,439.97004252029376,492.7173866090713,5696.759953614225,3740.6263498920084,362.78923463471205,740.3458963282937,7564.08040201005,7090.158963282937
412,CC01044XX14,257.94514484978544,494.15007225433527,5792.42864806867,3822.893641618497,1125.6786480686694,1089.2794797687861,9093.521459227468,7893.834104046243
413,CC01047XX17,300.0789208270298,430.60229808121375,5618.083711548159,5070.201249442213,540.6346444780636,801.3577643908969,7543.668179525971,6816.975903614458
414,CC01050XX03,408.6753649635036,419.8774301004806,4934.496350364963,4044.0297072957624,596.783698296837,893.8808977719528,8874.351338199513,8409.474879860201
415,CC01051XX04,471.3538700045935,447.64751683501686,7017.025264124943,5215.103114478115,647.213941203491,575.5803872053872,7265.851171336702,6893.43265993266
416,CC01055XX08,506.65021766169156,586.7131619339984,4865.4208955223885,5617.727935533385,922.4409825870647,867.8307751343054,8755.165174129354,7180.623944742901
417,CC01070XX07,426.41651009863784,341.48281480570586,3737.0833724753406,4814.295622233153,799.9280178487553,845.1801524840138,8946.77125410991,7915.975897688146
418,CC01074XX11,514.4452828911749,522.7880762179151,5555.836491608013,5869.447878470403,720.8298592311857,528.2391304347826,7642.936112615052,7484.07124148769
419,CC01082XX11,425.7941659369527,376.588850528026,4359.411558669001,3524.70268074736,448.8781195271454,742.2892973192527,6657.889667250438,6902.099106417547
420,CC01084XX13,434.4359953703704,457.626228226887,5701.060185185185,4489.017418490397,1039.6900462962963,649.0152411790978,7012.163888888889,8225.682000893255
421,CC01086XX15,547.9964579055442,504.63876900945337,5267.173716632444,5451.988491574189,992.9136550308008,961.9186189889026,7849.908829568789,10350.650226058364
422,CC01087XX16,420.0405687307861,335.7818702290076,4877.897233201581,4080.9190839694656,1049.4689284145807,464.6506679389313,7641.151515151515,6046.04465648855
423,CC01093BN14,431.7601519681116,406.7090155105558,5664.74240159442,5496.742783283068,727.4192825112108,513.4833046100819,6240.222222222223,8235.932787591555
424,CC01096XX17,391.3438748335553,482.6267891221374,5175.407456724368,5016.929389312977,808.4978362183755,765.931536259542,5788.381713271194,7626.132156488549
425,CC01117XX12,291.6192924954792,483.5694643711143,4000.498191681736,4577.358201817312,289.71982368896926,585.7220229555237,6286.452983725136,6512.276422764227
426,CC01145XX16,588.3137742416708,629.799247454626,6656.135256091497,4948.317397078354,738.0994530084535,572.534860557769,7724.349080059672,7783.756529437805
427,CC01190XX12,562.7740837048044,316.505183091007,5973.123328380387,4739.817985998923,880.36063645369,799.3198707592892,7373.444279346211,7973.061389337641
428,CC01191XX13,362.14675498298493,509.16758902791145,4615.569275644142,5146.682386910491,626.9772727272727,1259.9576515880653,7663.634419056879,7942.217035611165
429,CC01194XX16,421.3621189351653,469.6577851790175,5517.378273937312,4604.126561199001,511.4352726492057,588.8845753538718,8756.786603692572,6929.126561199001
430,CC01195XX17,293.5042084527221,548.5793506493507,4479.309169054442,6141.1792207792205,773.2376790830946,595.3751948051948,7776.562750716333,7343.214025974026
431,CC01198XX20,633.084872840691,348.8833370635631,5645.184740882917,5062.686660698299,1281.7923464491362,617.4348701880036,8766.15547024952,5889.702775290958
432,CC01199XX21,494.6660108958838,657.2740607308286,6448.111380145278,5997.380339680906,1729.7926755447943,721.8907617086979,6721.841404358353,7236.236747297993
433,CC01200XX04,486.57319630872485,557.3686721991701,4266.252157238734,4850.475933609959,608.8856663470757,346.2755705394191,7758.482262703739,6909.888381742739
434,CC01207XX11,574.4684027777778,456.9792456805731,6584.4949074074075,4889.971344289928,889.9188657407408,571.4678676780446,6389.825,6005.294563843237
435,CC01211XX07,287.9661393065998,585.3943197395477,5347.139515455305,5645.1350239890335,505.79918546365917,1162.2458019191226,5281.9064327485385,9305.728581220013
436,CC01215XX11,415.9907811741873,256.3551022676745,4941.438136826783,5174.951534015117,517.2459970887918,797.3476545131169,7419.082969432315,7450.935082258782
437,CC01220XX08,474.67553793884485,314.2724576271186,3925.832672706682,5300.1549636803875,599.4011891279728,861.3983050847457,6651.6562853907135,6322.9307506053265
438,CC01223XX11,518.5836397058823,338.6157764317181,6691.039915966387,3625.053414096916,709.335674894958,797.6755919603524,9481.51680672269,5071.363436123348
439,CC01236XX16,653.2179114490161,526.0084590297595,5980.0125223613595,5772.865878516102,1089.2048300536674,678.3102323685283,9097.798747763864,8196.803913575213
